post_id,subreddit,title,score,created_utc,sentiment_score
1mhsnh2,,what is inside this egg?,47,2025-08-04 23:00:26+00:00,0.0
1mhq9ly,,Posting a rare Pepe everyday until Iâ€˜m Rich - Day 115,33,2025-08-04 21:24:54+00:00,0.0
1mhj9dk,,To the moon,38,2025-08-04 17:07:57+00:00,0.0
1mhd75d,,Waters gud,68,2025-08-04 13:17:50+00:00,0.0
1mh3j5t,,$PEPE has great jeans,92,2025-08-04 04:02:57+00:00,0.0
1mgzoyz,,Pepe with the pearl earring,34,2025-08-04 00:52:55+00:00,0.0
1mguw8r,,Soon .... Very soon!!!!,91,2025-08-03 21:18:39+00:00,0.0
1mgrqti,,Just won a 50k settlement,45,2025-08-03 19:13:52+00:00,0.0
1mgpdrp,,Looking forward to landing on the moon,50,2025-08-03 17:41:27+00:00,0.0
1mgmbr4,,Faith crushes fear ğŸš€,43,2025-08-03 15:37:45+00:00,0.0
1mgk2vo,,"I donâ€™t care what the bad energy people says, Iâ€™m holding to the end. Save this post ğŸ¸ğŸš€ğŸ‘€ğŸ’ªğŸ»",72,2025-08-03 14:04:31+00:00,0.0
1mg5ykg,,Give into the dip frens thereâ€™s enough for all ğŸ˜ŒğŸ‘Œ,39,2025-08-03 00:43:00+00:00,0.0
1mfyn7y,,This too shall pass $pepe ğŸ¸ğŸ¤‘ğŸš€,74,2025-08-02 19:11:33+00:00,0.0
1mfxzbc,,MY $PEPE IS NOT FOR SALE,39,2025-08-02 18:43:12+00:00,0.0
1mfwsgx,,Should we wait for mid August to buy back or should we wait September to come?,36,2025-08-02 17:53:03+00:00,0.0
1mfqyjg,,And just look at how this story turned outâ€¦.,54,2025-08-02 13:47:08+00:00,0.0
